"REPORT_STATES","API_STATES","API_DISTRICTS","REPORT_DISTRICTS"
"Andaman and Nicobar Islands","Andaman and Nicobar Islands","PORT BLAIR","NICOBARS"
"Andaman and Nicobar Islands","Andaman and Nicobar Islands","DIGLIPUR","NORTH AND MIDDLE ANDAMAN"
"Andaman and Nicobar Islands","Andaman and Nicobar Islands","BAMBOO FLAT","SOUTH ANDAMANS"
"Andhra Pradesh","Andhra Pradesh","ANANTAPUR","ANANTAPUR"
"Andhra Pradesh","Andhra Pradesh","EAST GODAVARI","EAST GODAVARI"
"Andhra Pradesh","Andhra Pradesh","WEST GODAVARI","ANANTAPUR"
"Andhra Pradesh","Andhra Pradesh","CHITTOOR","CHITTOOR"
"Andhra Pradesh","Andhra Pradesh","GUNTUR","GUNTUR"
"Andhra Pradesh","Andhra Pradesh","KADAPA","KADAPA"
"Andhra Pradesh","Andhra Pradesh","KRISHNA","KRISHNA"
"Andhra Pradesh","Andhra Pradesh","KURNOOL","KURNOOL"
"Andhra Pradesh","Andhra Pradesh","SINGARAYAKONDA","PRAKASAM"
"Andhra Pradesh","Andhra Pradesh","NELLORE","SPSR NELLORE"
"Andhra Pradesh","Andhra Pradesh","SRIKAKULAM","SRIKAKULAM"
"Andhra Pradesh","Andhra Pradesh","VIZAG","VISAKHAPATANAM"
"Andhra Pradesh","Andhra Pradesh","VIZIANAGARAM","VIZIANAGARAM"
"Assam","Assam","TAMULPUR","BAKSA"
"Assam","Assam","BARPETA","BARPETA"
"Assam","Assam","BONGAIGAON","BONGAIGAON"
"Assam","Assam","SILCHAR","CACHAR"
"Assam","Assam","BASUGAON","CHIRANG"
"Assam","Assam","KHARUPATIA","DARRANG"
"Assam","Assam","DHEMAJI","DHEMAJI"
"Assam","Assam","DHUBRI","DHUBRI"
"Assam","Assam","DIBRUGARH","DIBRUGARH"
"Assam","Assam","HAFLONG","DIMA HASAO"
"Assam","Assam","GOALPARA","GOALPARA"
"Assam","Assam","GOLAGHAT","GOLAGHAT"
"Assam","Assam","HAILAKANDI","HAILAKANDI"
"Assam","Assam","JORHAT","JORHAT"
"Assam","Assam","DISPUR","KAMRUP"
"Assam","Assam","GUWAHATI","KAMRUP METRO"
"Assam","Assam","DIPHU","KARBI ANGLONG"
"Assam","Assam","KARIMGANJ","KARIMGANJ"
"Assam","Assam","KOKRAJHAR","KOKRAJHAR"
"Assam","Assam","LAKHIMPUR","LAKHIMPUR"
"Assam","Assam","DHARAMTUL","MARIGAON"
"Assam","Assam","DHING","NAGAON"
"Assam","Assam","NALBARI","NALBARI"
"Assam","Assam","AMGURI","SIVASAGAR"
"Assam","Assam","GOHPUR","SONITPUR"
"Assam","Assam","TINSUKIA","TINSUKIA"
"Assam","Assam","UDALGURI","UDALGURI"
"Bihar","Bihar","ARARIA","ARARIA"
"Bihar","Bihar","ARWAL","ARWAL"
"Bihar","Bihar","AURANGABAD","AURANGABAD"
"Bihar","Bihar","BANKA","BANKA"
"Bihar","Bihar","BEGUSARAI","BEGUSARAI"
"Bihar","Bihar","BHAGALPUR","BHAGALPUR"
"Bihar","Bihar","BHOJPUR","BHOJPUR"
"Bihar","Bihar","BUXAR","BUXAR"
"Bihar","Bihar","DARBHANGA","DARBHANGA"
"Bihar","Bihar","GAYA","GAYA"
"Bihar","Bihar","GOPALGANJ","GOPALGANJ"
"Bihar","Bihar","JAMUI","JAMUI"
"Bihar","Bihar","HULASGANJ","JEHANABAD"
"Bihar","Bihar","BHABUA","KAIMUR"
"Bihar","Bihar","KATIHAR","KATIHAR"
"Bihar","Bihar","KHAGARIA","KHAGARIA"
"Bihar","Bihar","KISHANGANJ","KISHANGANJ"
"Bihar","Bihar","LAKHISARAI","LAKHISARAI"
"Bihar","Bihar","BIHARIGANJ","MADHEPURA"
"Bihar","Bihar","MADHUBANI","MADHUBANI"
"Bihar","Bihar","MUNGER","MUNGER"
"Bihar","Bihar","MUZAFFARPUR","MUZAFFARPUR"
"Bihar","Bihar","RAJGIR","NALANDA"
"Bihar","Bihar","NAWADA","NAWADA"
"Bihar","Bihar","BETTIAH","PASHCHIM CHAMPARAN"
"Bihar","Bihar","PATNA","PATNA"
"Bihar","Bihar","MOTIHARI","PURBI CHAMPARAN"
"Bihar","Bihar","BIKRAMGANJ","ROHTAS"
"Bihar","Bihar","PURNIA","PURNIA"
"Bihar","Bihar","SAHARSA","SAHARSA"
"Bihar","Bihar","SAMASTIPUR","SAMASTIPUR"
"Bihar","Bihar","CHAPRA","SARAN"
"Bihar","Bihar","CHEWARA","SHEIKHPURA"
"Bihar","Bihar","SHEOHAR","SHEOHAR"
"Bihar","Bihar","SITAMARHI","SITAMARHI"
"Bihar","Bihar","SIWAN","SIWAN"
"Bihar","Bihar","SUPAUL","SUPAUL"
"Bihar","Bihar","LALGANJ","VAISHALI"
"Chandigarh","Chandigarh","CHANDIGARH","CHANDIGARH"
"Chhattisgarh","Chhattisgarh","GURUR","BALOD"
"Chhattisgarh","Chhattisgarh","BALODA BAZAR","BALODA BAZAR"
"Chhattisgarh","Chhattisgarh","KUSMI","BALRAMPUR"
"Chhattisgarh","Chhattisgarh","BASTAR","BASTAR"
"Chhattisgarh","Chhattisgarh","BEMETARA","BEMETARA"
"Chhattisgarh","Chhattisgarh","BHAIRAMGARH","BIJAPUR"
"Chhattisgarh","Chhattisgarh","BILASPUR","BILASPUR"
"Chhattisgarh","Chhattisgarh","BARSUR","DANTEWADA"
"Chhattisgarh","Chhattisgarh","DHAMTARI","DHAMTARI"
"Chhattisgarh","Chhattisgarh","DURG","DURG"
"Chhattisgarh","Chhattisgarh","GARIABAND","GARIYABAND"
"Chhattisgarh","Chhattisgarh","CHAMPA","CHAMPA (JANJGIR-CHAMPA)"
"Chhattisgarh","Chhattisgarh","JASHPURNAGAR","JASHPUR"
"Chhattisgarh","Chhattisgarh","KAWARDHA","KABIRDHAM"
"Chhattisgarh","Chhattisgarh","KANKER","KANKER"
"Chhattisgarh","Chhattisgarh","KONDAGAON","KONDAGAON"
"Chhattisgarh","Chhattisgarh","KORBA","KORBA"
"Chhattisgarh","Chhattisgarh","KOREA","KOREA"
"Chhattisgarh","Chhattisgarh","MAHASAMUND","MAHASAMUND"
"Chhattisgarh","Chhattisgarh","MUNGELI","MUNGELI"
"Chhattisgarh","Chhattisgarh","","NARAYANPUR"
"Chhattisgarh","Chhattisgarh","RAIGARH","RAIGARH"
"Chhattisgarh","Chhattisgarh","RAIPUR","RAIPUR"
"Chhattisgarh","Chhattisgarh","KHAIRAGARH","RAJNANDGAON"
"Chhattisgarh","Chhattisgarh","SUKMA","SUKMA"
"Chhattisgarh","Chhattisgarh","SURAJPUR","SURAJPUR"
"Chhattisgarh","Chhattisgarh","SURGUJA","SURGUJA"
"Dadra and Nagar Haveli","Dadra and Nagar Haveli","DADRA","DADRA AND NAGAR HAVELI"
"Daman and Diu","Daman and Diu","DAMAN","DAMAN"
"Daman and Diu","Daman and Diu","DIU","DIU"
"Goa","Goa","PANAJI","NORTH GOA"
"Goa","Goa","MARMAGAO","SOUTH GOA"
"Gujarat","Gujarat","AHMADABAD","AHMADABAD"
"Gujarat","Gujarat","AMRELI","AMRELI"
"Gujarat","Gujarat","ANAND","ANAND"
"Gujarat","Gujarat","BHILODA","ARAVALLI"
"Gujarat","Gujarat","VADGAM","BANAS KANTHA"
"Gujarat","Gujarat","BHARUCH","BHARUCH"
"Gujarat","Gujarat","BHAVNAGAR","BHAVNAGAR"
"Gujarat","Gujarat","BOTAD","BOTAD"
"Gujarat","Gujarat","CHOTA UDAIPUR","CHHOTAUDEPUR"
"Gujarat","Gujarat","AHWA","DANG"
"Gujarat","Gujarat","DWARKA","DEVBHUMI DWARKA"
"Gujarat","Gujarat","DOHAD","DOHAD"
"Gujarat","Gujarat","GANDHINAGAR","GANDHINAGAR"
"Gujarat","Gujarat","SOMNATH","GIR SOMNATH"
"Gujarat","Gujarat","JAMNAGAR","JAMNAGAR"
"Gujarat","Gujarat","JUNAGADH","JUNAGADH"
"Gujarat","Gujarat","BHUJ","KACHCHH"
"Gujarat","Gujarat","KHEDA","KHEDA"
"Gujarat","Gujarat","MAHESANA","MAHESANA"
"Gujarat","Gujarat","LUNAVADA","MAHISAGAR"
"Gujarat","Gujarat","MORBI","MORBI"
"Gujarat","Gujarat","RAJPIPLA","NARMADA"
"Gujarat","Gujarat","NAVSARI","NAVSARI"
"Gujarat","Gujarat","GODHRA","PANCH MAHALS"
"Gujarat","Gujarat","PATAN","PATAN"
"Gujarat","Gujarat","PORBANDAR","PORBANDAR"
"Gujarat","Gujarat","RAJKOT","RAJKOT"
"Gujarat","Gujarat","HIMATNAGAR","SABAR KANTHA"
"Gujarat","Gujarat","SURAT","SURAT"
"Gujarat","Gujarat","SURENDRANAGAR","SURENDRANAGAR"
"Gujarat","Gujarat","SONGADH","TAPI"
"Gujarat","Gujarat","VADODARA","VADODARA"
"Gujarat","Gujarat","VALSAD","VALSAD"
"Haryana","Haryana","AMBALA","AMBALA"
"Haryana","Haryana","BHIWANI","BHIWANI"
"Haryana","Haryana","CHARKI DADRI","CHARKI DADRI"
"Haryana","Haryana","FARIDABAD","FARIDABAD"
"Haryana","Haryana","FATEHABAD","FATEHABAD"
"Haryana","Haryana","GURGAON","GURGAON"
"Haryana","Haryana","HISAR","HISAR"
"Haryana","Haryana","JHAJJAR","JHAJJAR"
"Haryana","Haryana","JIND","JIND"
"Haryana","Haryana","KAITHAL","KAITHAL"
"Haryana","Haryana","KARNAL","KARNAL"
"Haryana","Haryana","THANESAR","KURUKSHETRA"
"Haryana","Haryana","MAHENDRAGARH","MAHENDRAGARH"
"Haryana","Haryana","FEROZPUR JHIRKA","MEWAT"
"Haryana","Haryana","PALWAL","PALWAL"
"Haryana","Haryana","BARWALA","PANCHKULA"
"Haryana","Haryana","PANIPAT","PANIPAT"
"Haryana","Haryana","REWARI","REWARI"
"Haryana","Haryana","ROHTAK","ROHTAK"
"Haryana","Haryana","SIRSA","SIRSA"
"Haryana","Haryana","SONIPAT","SONIPAT"
"Haryana","Haryana","YAMUNANAGAR","YAMUNANAGAR"
"Himachal Pradesh","Himachal Pradesh","BILASPUR","BILASPUR"
"Himachal Pradesh","Himachal Pradesh","CHAMBA","CHAMBA"
"Himachal Pradesh","Himachal Pradesh","HAMIRPUR","HAMIRPUR"
"Himachal Pradesh","Himachal Pradesh","KANGRA","KANGRA"
"Himachal Pradesh","Himachal Pradesh","SANGLA","KINNAUR"
"Himachal Pradesh","Himachal Pradesh","MANALI","KULLU"
"Himachal Pradesh","Himachal Pradesh","SPITI","LAHUL AND SPITI"
"Himachal Pradesh","Himachal Pradesh","KARSOG","MANDI"
"Himachal Pradesh","Himachal Pradesh","SHIMLA","SHIMLA"
"Himachal Pradesh","Himachal Pradesh","NAHAN","SIRMAUR"
"Himachal Pradesh","Himachal Pradesh","SOLAN","SOLAN"
"Himachal Pradesh","Himachal Pradesh","UNA","UNA"
"Jammu and Kashmir","Jammu and Kashmir","ANANTNAG","ANANTNAG"
"Jammu and Kashmir","Jammu and Kashmir","BADGAM","BADGAM"
"Jammu and Kashmir","Jammu and Kashmir","BANDIPURA","BANDIPORA"
"Jammu and Kashmir","Jammu and Kashmir","GULMARG","BARAMULLA"
"Jammu and Kashmir","Jammu and Kashmir","DODA","DODA"
"Jammu and Kashmir","Jammu and Kashmir","GANDERBAL","GANDERBAL"
"Jammu and Kashmir","Jammu and Kashmir","JAMMU","JAMMU"
"Jammu and Kashmir","Jammu and Kashmir","KARGIL","KARGIL"
"Jammu and Kashmir","Jammu and Kashmir","KATHUA","KATHUA"
"Jammu and Kashmir","Jammu and Kashmir","KISHTWAR","KISHTWAR"
"Jammu and Kashmir","Jammu and Kashmir","KULGAM","KULGAM"
"Jammu and Kashmir","Jammu and Kashmir","KUPWARA","KUPWARA"
"Jammu and Kashmir","Jammu and Kashmir","LEH","LEH LADAKH"
"Jammu and Kashmir","Jammu and Kashmir","POONCH","POONCH"
"Jammu and Kashmir","Jammu and Kashmir","PULWAMA","PULWAMA"
"Jammu and Kashmir","Jammu and Kashmir","RAJAURI","RAJAURI"
"Jammu and Kashmir","Jammu and Kashmir","RAMBAN","RAMBAN"
"Jammu and Kashmir","Jammu and Kashmir","KATRA","REASI"
"Jammu and Kashmir","Jammu and Kashmir","SAMBA","SAMBA"
"Jammu and Kashmir","Jammu and Kashmir","SHUPIYAN","SHOPIAN"
"Jammu and Kashmir","Jammu and Kashmir","SRINAGAR","SRINAGAR"
"Jammu and Kashmir","Jammu and Kashmir","UDHAMPUR","UDHAMPUR"
"Jharkhand","Jharkhand","BOKARO","BOKARO"
"Jharkhand","Jharkhand","CHATRA","CHATRA"
"Jharkhand","Jharkhand","DEOGHAR","DEOGHAR"
"Jharkhand","Jharkhand","DHANBAD","DHANBAD"
"Jharkhand","Jharkhand","DUMKA","DUMKA"
"Jharkhand","Jharkhand","JAMSHEDPUR","EAST SINGHBUM"
"Jharkhand","Jharkhand","BARDIHA","GARHWA"
"Jharkhand","Jharkhand","GIRIDIH","GIRIDIH"
"Jharkhand","Jharkhand","GODDA","GODDA"
"Jharkhand","Jharkhand","DUMRI","GUMLA"
"Jharkhand","Jharkhand","HAZARIBAGH","HAZARIBAGH"
"Jharkhand","Jharkhand","JAMTARA","JAMTARA"
"Jharkhand","Jharkhand","KHUNTI","KHUNTI"
"Jharkhand","Jharkhand","KODARMA","KODERMA"
"Jharkhand","Jharkhand","LATEHAR","LATEHAR"
"Jharkhand","Jharkhand","LOHARDAGA","LOHARDAGA"
"Jharkhand","Jharkhand","","PAKUR (PAKAUR)"
"Jharkhand","Jharkhand","RAJHARA","PALAMU"
"Jharkhand","Jharkhand","RAMGARH","RAMGARH"
"Jharkhand","Jharkhand","RANCHI","RANCHI"
"Jharkhand","Jharkhand","SAHIBGANJ","SAHEBGANJ"
"Jharkhand","Jharkhand","KHARSAWAN","SARAIKELA KHARSAWAN"
"Jharkhand","Jharkhand","SIMDEGA","SIMDEGA"
"Jharkhand","Jharkhand","CHAIBASA","WEST SINGHBHUM"
"Karnataka","Karnataka","BAGALKOT","BAGALKOT"
"Karnataka","Karnataka","HOSAKOTE","BANGALORE RURAL"
"Karnataka","Karnataka","BELGAUM","BELGAUM"
"Karnataka","Karnataka","BELLARY","BELLARY"
"Karnataka","Karnataka","BENGALURU","BENGALURU URBAN"
"Karnataka","Karnataka","BIDAR","BIDAR"
"Karnataka","Karnataka","BIJAPUR","BIJAPUR"
"Karnataka","Karnataka","GUNDLUPET","CHAMARAJANAGAR"
"Karnataka","Karnataka","BAGEPALLI","CHIKBALLAPUR"
"Karnataka","Karnataka","CHIKMAGALUR","CHIKMAGALUR"
"Karnataka","Karnataka","CHITRADURGA","CHITRADURGA"
"Karnataka","Karnataka","MANGALORE","DAKSHIN KANNAD"
"Karnataka","Karnataka","DAVANGERE","DAVANGERE"
"Karnataka","Karnataka","DHARWAD","DHARWAD"
"Karnataka","Karnataka","GADAG","GADAG"
"Karnataka","Karnataka","GULBARGA","GULBARGA"
"Karnataka","Karnataka","HASSAN","HASSAN"
"Karnataka","Karnataka","HAVERI","HAVERI"
"Karnataka","Karnataka","MADIKERI","KODAGU"
"Karnataka","Karnataka","KOLAR","KOLAR"
"Karnataka","Karnataka","KOPPAL","KOPPAL"
"Karnataka","Karnataka","MANDYA","MANDYA"
"Karnataka","Karnataka","MYSORE","MYSORE"
"Karnataka","Karnataka","RAICHUR","RAICHUR"
"Karnataka","Karnataka","RAMANAGARAM","RAMANAGARA"
"Karnataka","Karnataka","SHIMOGA","SHIMOGA"
"Karnataka","Karnataka","TUMKUR","TUMKUR"
"Karnataka","Karnataka","UDUPI","UDUPI"
"Karnataka","Karnataka","YELLAPUR","UTTAR KANNAD"
"Karnataka","Karnataka","YADGIR","YADGIR"
"Kerala","Kerala","ALAPPUZHA","ALAPPUZHA"
"Kerala","Kerala","ERNAKULAM","ERNAKULAM"
"Kerala","Kerala","IDUKKI","IDUKKI"
"Kerala","Kerala","KANNUR","KANNUR"
"Kerala","Kerala","KASARAGOD","KASARAGOD"
"Kerala","Kerala","KOLLAM","KOLLAM"
"Kerala","Kerala","KOTTAYAM","KOTTAYAM"
"Kerala","Kerala","KOZHIKODE","KOZHIKODE"
"Kerala","Kerala","MALAPPURAM","MALAPPURAM"
"Kerala","Kerala","PALAKKAD","PALAKKAD"
"Kerala","Kerala","PATHANAMTHITTA","PATHANAMTHITTA"
"Kerala","Kerala","THIRUVANANTHAPURAM","THIRUVANANTHAPURAM"
"Kerala","Kerala","THRISSUR","THRISSUR"
"Kerala","Kerala","KALPETTA","WAYANAD"
"Lakshadweep","Lakshadweep","KAVARATTI","LAKSHADWEEP "
"Madhya Pradesh","Madhya Pradesh","SHAJAPUR","AGAR MALWA"
"Madhya Pradesh","Madhya Pradesh","ALIRAJPUR","ALIRAJPUR"
"Madhya Pradesh","Madhya Pradesh","ANUPPUR","ANUPPUR"
"Madhya Pradesh","Madhya Pradesh","ASHOKNAGAR","ASHOKNAGAR"
"Madhya Pradesh","Madhya Pradesh","BALAGHAT","BALAGHAT"
"Madhya Pradesh","Madhya Pradesh","BARWANI","BARWANI"
"Madhya Pradesh","Madhya Pradesh","BETUL","BETUL"
"Madhya Pradesh","Madhya Pradesh","BHIND","BHIND"
"Madhya Pradesh","Madhya Pradesh","BHOPAL","BHOPAL"
"Madhya Pradesh","Madhya Pradesh","BURHANPUR","BURHANPUR"
"Madhya Pradesh","Madhya Pradesh","CHHATARPUR","CHHATARPUR"
"Madhya Pradesh","Madhya Pradesh","CHHINDWARA","CHHINDWARA"
"Madhya Pradesh","Madhya Pradesh","DAMOH","DAMOH"
"Madhya Pradesh","Madhya Pradesh","DATIA","DATIA"
"Madhya Pradesh","Madhya Pradesh","DEWAS","DEWAS"
"Madhya Pradesh","Madhya Pradesh","DHAMNOD","DHAR"
"Madhya Pradesh","Madhya Pradesh","DINDORI","DINDORI"
"Madhya Pradesh","Madhya Pradesh","GUNA","GUNA"
"Madhya Pradesh","Madhya Pradesh","GWALIOR","GWALIOR"
"Madhya Pradesh","Madhya Pradesh","HARDA","HARDA"
"Madhya Pradesh","Madhya Pradesh","HOSHANGABAD","HOSHANGABAD"
"Madhya Pradesh","Madhya Pradesh","INDORE","INDORE"
"Madhya Pradesh","Madhya Pradesh","JABALPUR","JABALPUR"
"Madhya Pradesh","Madhya Pradesh","JHABUA","JHABUA"
"Madhya Pradesh","Madhya Pradesh","KATNI","KATNI"
"Madhya Pradesh","Madhya Pradesh","KHANDWA","KHANDWA"
"Madhya Pradesh","Madhya Pradesh","KHARGONE","KHARGONE"
"Madhya Pradesh","Madhya Pradesh","MANDLA","MANDLA"
"Madhya Pradesh","Madhya Pradesh","MANDSAUR","MANDSAUR"
"Madhya Pradesh","Madhya Pradesh","MORENA","MORENA"
"Madhya Pradesh","Madhya Pradesh","NARSINGHPUR","NARSINGHPUR"
"Madhya Pradesh","Madhya Pradesh","NEEMUCH","NEEMUCH"
"Madhya Pradesh","Madhya Pradesh","","NIWARI"
"Madhya Pradesh","Madhya Pradesh","PANNA","PANNA"
"Madhya Pradesh","Madhya Pradesh","RAISEN","RAISEN"
"Madhya Pradesh","Madhya Pradesh","RAJGARH","RAJGARH"
"Madhya Pradesh","Madhya Pradesh","RATLAM","RATLAM"
"Madhya Pradesh","Madhya Pradesh","REWA","REWA"
"Madhya Pradesh","Madhya Pradesh","SAGAR","SAGAR"
"Madhya Pradesh","Madhya Pradesh","SATNA","SATNA"
"Madhya Pradesh","Madhya Pradesh","SEHORE","SEHORE"
"Madhya Pradesh","Madhya Pradesh","SEONI","SEONI"
"Madhya Pradesh","Madhya Pradesh","SHAHDOL","SHAHDOL"
"Madhya Pradesh","Madhya Pradesh","SHAJAPUR","SHAJAPUR"
"Madhya Pradesh","Madhya Pradesh","SHEOPUR","SHEOPUR"
"Madhya Pradesh","Madhya Pradesh","SHIVPURI","SHIVPURI"
"Madhya Pradesh","Madhya Pradesh","SIDHI","SIDHI"
"Madhya Pradesh","Madhya Pradesh","SINGARAULI","SINGRAULI"
"Madhya Pradesh","Madhya Pradesh","JATARA","TIKAMGARH"
"Madhya Pradesh","Madhya Pradesh","UJJAIN","UJJAIN"
"Madhya Pradesh","Madhya Pradesh","UMARIA","UMARIA"
"Madhya Pradesh","Madhya Pradesh","VIDISHA","VIDISHA"
"Maharashtra","Maharashtra","AHMEDNAGAR","AHMEDNAGAR"
"Maharashtra","Maharashtra","AKOLA","AKOLA"
"Maharashtra","Maharashtra","AMRAVATI","AMRAVATI"
"Maharashtra","Maharashtra","AURANGABAD","AURANGABAD"
"Maharashtra","Maharashtra","ASHTI","BEED"
"Maharashtra","Maharashtra","BHANDARA","BHANDARA"
"Maharashtra","Maharashtra","BULDANA","BULDHANA"
"Maharashtra","Maharashtra","CHANDRAPUR","CHANDRAPUR"
"Maharashtra","Maharashtra","DHULE","DHULE"
"Maharashtra","Maharashtra","ASHTI","GADCHIROLI"
"Maharashtra","Maharashtra","GONDIA","GONDIA"
"Maharashtra","Maharashtra","HINGOLI","HINGOLI"
"Maharashtra","Maharashtra","JALGAON","JALGAON"
"Maharashtra","Maharashtra","JALNA","JALNA"
"Maharashtra","Maharashtra","KOLHAPUR","KOLHAPUR"
"Maharashtra","Maharashtra","LATUR","LATUR"
"Maharashtra","Maharashtra","MUMBAI","MUMBAI"
"Maharashtra","Maharashtra","MUMBAI","MUMBAI SUBURBAN"
"Maharashtra","Maharashtra","NAGPUR","NAGPUR"
"Maharashtra","Maharashtra","NANDED","NANDED"
"Maharashtra","Maharashtra","NANDURBAR","NANDURBAR"
"Maharashtra","Maharashtra","NASIK","NASHIK"
"Maharashtra","Maharashtra","OSMANABAD","OSMANABAD"
"Maharashtra","Maharashtra","PALGHAR","PALGHAR"
"Maharashtra","Maharashtra","PARBHANI","PARBHANI"
"Maharashtra","Maharashtra","PUNE","PUNE"
"Maharashtra","Maharashtra","ALIBAG","RAIGAD"
"Maharashtra","Maharashtra","RATNAGIRI","RATNAGIRI"
"Maharashtra","Maharashtra","SANGLI","SANGLI"
"Maharashtra","Maharashtra","SATARA","SATARA"
"Maharashtra","Maharashtra","MALVAN","SINDHUDURG"
"Maharashtra","Maharashtra","SOLAPUR","SOLAPUR"
"Maharashtra","Maharashtra","VASAI","THANE"
"Maharashtra","Maharashtra","WARDHA","WARDHA"
"Maharashtra","Maharashtra","WASHIM","WASHIM"
"Maharashtra","Maharashtra","YAVATMAL","YAVATMAL"
"Manipur","Manipur","MOIRANG","BISHNUPUR"
"Manipur","Manipur","","CHANDEL"
"Manipur","Manipur","CHURACHANDPUR","CHURACHANDPUR"
"Manipur","Manipur","IMPHAL","IMPHAL EAST"
"Manipur","Manipur","MAYANG IMPHAL","IMPHAL WEST"
"Manipur","Manipur","KANGPOKPI","SENAPATI"
"Manipur","Manipur","TAMENGLONG","TAMENGLONG"
"Manipur","Manipur","THOUBAL","THOUBAL"
"Manipur","Manipur","UKHRUL","UKHRUL"
"Meghalaya","Meghalaya","SONGSAK","EAST GARO HILLS"
"Meghalaya","Meghalaya","JOWAI","EAST JAINTIA HILLS"
"Meghalaya","Meghalaya","SHILLONG","EAST KHASI HILLS"
"Meghalaya","Meghalaya","BAJENGDOBA","NORTH GARO HILLS"
"Meghalaya","Meghalaya","NONGPOH","RI BHOI"
"Meghalaya","Meghalaya","GASUAPARA","SOUTH GARO HILLS"
"Meghalaya","Meghalaya","RONGRAM","SOUTH WEST GARO HILLS"
"Meghalaya","Meghalaya","","SOUTH WEST KHASI HILLS"
"Meghalaya","Meghalaya","TURA","WEST GARO HILLS"
"Meghalaya","Meghalaya","JOWAI","WEST JAINTIA HILLS"
"Meghalaya","Meghalaya","NONGSTOIN","WEST KHASI HILLS"
"Mizoram","Mizoram","AIZAWL","AIZAWL"
"Mizoram","Mizoram","KHAWHAI","CHAMPHAI"
"Mizoram","Mizoram","MUALBU KAWNPUI","KOLASIB"
"Mizoram","Mizoram","LAWNGTLAI","LAWNGTLAI"
"Mizoram","Mizoram","LUNGLEI","LUNGLEI"
"Mizoram","Mizoram","MAMIT","MAMIT"
"Mizoram","Mizoram","SAIHA","SAIHA"
"Mizoram","Mizoram","SERCHHIP","SERCHHIP"
"Nagaland","Nagaland","CHIMAKUDI","DIMAPUR"
"Nagaland","Nagaland","","KIPHIRE"
"Nagaland","Nagaland","KOHIMA","KOHIMA"
"Nagaland","Nagaland","","LONGLENG"
"Nagaland","Nagaland","MOKOKCHUNG","MOKOKCHUNG"
"Nagaland","Nagaland","MON","MON"
"Nagaland","Nagaland","","PEREN"
"Nagaland","Nagaland","","PHEK"
"Nagaland","Nagaland","TUENSANG","TUENSANG"
"Nagaland","Nagaland","WOKHA","WOKHA"
"Nagaland","Nagaland","ZUNHEBOTO","ZUNHEBOTO"
"Orissa","Orissa","ANUGUL","ANUGUL"
"Orissa","Orissa","BALANGIR","BALANGIR"
"Orissa","Orissa","BALESHWAR","BALESHWAR"
"Orissa","Orissa","BARGARH","BARGARH"
"Orissa","Orissa","BHADRAK","BHADRAK"
"Orissa","Orissa","BAUDH","BOUDH"
"Orissa","Orissa","CUTTACK","CUTTACK"
"Orissa","Orissa","DEOGARH","DEOGARH"
"Orissa","Orissa","DHENKANAL","DHENKANAL"
"Orissa","Orissa","MOHANA","GAJAPATI"
"Orissa","Orissa","GANJAM","GANJAM"
"Orissa","Orissa","JAGATSINGHAPUR","JAGATSINGHAPUR"
"Orissa","Orissa","JAJPUR","JAJAPUR"
"Orissa","Orissa","JHARSUGUDA","JHARSUGUDA"
"Orissa","Orissa","BHAWANIPATNA","KALAHANDI"
"Orissa","Orissa","PHULBANI","KANDHAMAL"
"Orissa","Orissa","KENDRAPARA","KENDRAPARA"
"Orissa","Orissa","ANANDPUR","KENDUJHAR"
"Orissa","Orissa","KHORDHA","KHORDHA"
"Orissa","Orissa","KORAPUT","KORAPUT"
"Orissa","Orissa","BALIMELA","MALKANGIRI"
"Orissa","Orissa","MAYURBHANJ","MAYURBHANJ"
"Orissa","Orissa","","NABARANGPUR"
"Orissa","Orissa","NAYAGARH","NAYAGARH"
"Orissa","Orissa","KHARIAR","NUAPADA"
"Orissa","Orissa","PURI","PURI"
"Orissa","Orissa","RAYAGADA","RAYAGADA"
"Orissa","Orissa","SAMBALPUR","SAMBALPUR"
"Orissa","Orissa","SONEPUR","SONEPUR"
"Orissa","Orissa","SUNDARGARH","SUNDARGARH"
"Puducherry","Puducherry","KARAIKAL","KARAIKAL"
"Puducherry","Puducherry","","MAHE"
"Puducherry","Puducherry","PONDICHERRY","PONDICHERRY"
"Puducherry","Puducherry","","YANAM"
"Punjab","Punjab","AMRITSAR","AMRITSAR"
"Punjab","Punjab","BARNALA","BARNALA"
"Punjab","Punjab","BHATINDA","BATHINDA"
"Punjab","Punjab","FARIDKOT","FARIDKOT"
"Punjab","Punjab","FATEHGARH SAHIB","FATEHGARH SAHIB"
"Punjab","Punjab","FAZILKA","FAZILKA"
"Punjab","Punjab","FIROZPUR","FIROZEPUR"
"Punjab","Punjab","GURDASPUR","GURDASPUR"
"Punjab","Punjab","HOSHIARPUR","HOSHIARPUR"
"Punjab","Punjab","JALANDHAR","JALANDHAR"
"Punjab","Punjab","KAPURTHALA","KAPURTHALA"
"Punjab","Punjab","LUDHIANA","LUDHIANA"
"Punjab","Punjab","MANSA","MANSA"
"Punjab","Punjab","MOGA","MOGA"
"Punjab","Punjab","MUKTSAR","MUKTSAR"
"Punjab","Punjab","","NAWANSHAHR"
"Punjab","Punjab","PATHANKOT","PATHANKOT"
"Punjab","Punjab","PATIALA","PATIALA"
"Punjab","Punjab","RUPNAGAR","RUPNAGAR"
"Punjab","Punjab","DERA BASSI","S.A.S NAGAR"
"Punjab","Punjab","SANGRUR","SANGRUR"
"Punjab","Punjab","TARN TARAN","TARN TARAN"
"Rajasthan","Rajasthan","AJMER","AJMER"
"Rajasthan","Rajasthan","ALWAR","ALWAR"
"Rajasthan","Rajasthan","BANSWARA","BANSWARA"
"Rajasthan","Rajasthan","BARAN","BARAN"
"Rajasthan","Rajasthan","BARMER","BARMER"
"Rajasthan","Rajasthan","BHARATPUR","BHARATPUR"
"Rajasthan","Rajasthan","BHILWARA","BHILWARA"
"Rajasthan","Rajasthan","BIKANER","BIKANER"
"Rajasthan","Rajasthan","BUNDI","BUNDI"
"Rajasthan","Rajasthan","CHITORGARH","CHITTORGARH"
"Rajasthan","Rajasthan","CHURU","CHURU"
"Rajasthan","Rajasthan","DAUSA","DAUSA"
"Rajasthan","Rajasthan","DHOLPUR","DHOLPUR"
"Rajasthan","Rajasthan","DUNGARPUR","DUNGARPUR"
"Rajasthan","Rajasthan","GANGANAGAR","GANGANAGAR"
"Rajasthan","Rajasthan","HANUMANGARH","HANUMANGARH"
"Rajasthan","Rajasthan","JAIPUR","JAIPUR"
"Rajasthan","Rajasthan","JAISALMER","JAISALMER"
"Rajasthan","Rajasthan","JALOR","JALORE"
"Rajasthan","Rajasthan","JHALAWAR","JHALAWAR"
"Rajasthan","Rajasthan","JHUNJHUNUN","JHUNJHUNU"
"Rajasthan","Rajasthan","JODHPUR","JODHPUR"
"Rajasthan","Rajasthan","KARAULI","KARAULI"
"Rajasthan","Rajasthan","KOTA","KOTA"
"Rajasthan","Rajasthan","NAGAUR","NAGAUR"
"Rajasthan","Rajasthan","PALI","PALI"
"Rajasthan","Rajasthan","PRATAPGARH","PRATAPGARH"
"Rajasthan","Rajasthan","RAJSAMAND","RAJSAMAND"
"Rajasthan","Rajasthan","SAWAI MADHOPUR","SAWAI MADHOPUR"
"Rajasthan","Rajasthan","SIKAR","SIKAR"
"Rajasthan","Rajasthan","SIROHI","SIROHI"
"Rajasthan","Rajasthan","TONK","TONK"
"Rajasthan","Rajasthan","UDAIPUR","UDAIPUR"
"Sikkim","Sikkim","GANGTOK","EAST DISTRICT"
"Sikkim","Sikkim","SINGHIK","NORTH DISTRICT"
"Sikkim","West Bengal","NAMCHI","SOUTH DISTRICT"
"Sikkim","West Bengal","GYALSHING","WEST DISTRICT"
"Tamil Nadu","Tamil Nadu","ARIYALUR","ARIYALUR"
"Tamil Nadu","Tamil Nadu","CHENNAI","CHENNAI"
"Tamil Nadu","Tamil Nadu","COIMBATORE","COIMBATORE"
"Tamil Nadu","Tamil Nadu","CUDDALORE","CUDDALORE"
"Tamil Nadu","Tamil Nadu","DHARMAPURI","DHARMAPURI"
"Tamil Nadu","Tamil Nadu","DINDIGUL","DINDIGUL"
"Tamil Nadu","Tamil Nadu","ERODE","ERODE"
"Tamil Nadu","Tamil Nadu","KANCHIPURAM","KANCHIPURAM"
"Tamil Nadu","Tamil Nadu","KANNIYAKUMARI","KANNIYAKUMARI"
"Tamil Nadu","Tamil Nadu","KARUR","KARUR"
"Tamil Nadu","Tamil Nadu","KRISHNAGIRI","KRISHNAGIRI"
"Tamil Nadu","Tamil Nadu","MADURAI","MADURAI"
"Tamil Nadu","Tamil Nadu","NAGAPATTINAM","NAGAPATTINAM"
"Tamil Nadu","Tamil Nadu","NAMAKKAL","NAMAKKAL"
"Tamil Nadu","Tamil Nadu","PERAMBALUR","PERAMBALUR"
"Tamil Nadu","Tamil Nadu","PUDUKKOTTAI","PUDUKKOTTAI"
"Tamil Nadu","Tamil Nadu","RAMANATHAPURAM","RAMANATHAPURAM"
"Tamil Nadu","Tamil Nadu","SALEM","SALEM"
"Tamil Nadu","Tamil Nadu","SIVAGANGA","SIVAGANGA"
"Tamil Nadu","Tamil Nadu","THANJAVUR","THANJAVUR"
"Tamil Nadu","Tamil Nadu","OOTY","THE NILGIRIS"
"Tamil Nadu","Tamil Nadu","ALLINAGARAM","THENI"
"Tamil Nadu","Tamil Nadu","TIRUVALLUR","THIRUVALLUR"
"Tamil Nadu","Tamil Nadu","THIRUVARUR","THIRUVARUR"
"Tamil Nadu","Tamil Nadu","TIRUCHIRAPPALLI","TIRUCHIRAPPALLI"
"Tamil Nadu","Tamil Nadu","TIRUNELVELI","TIRUNELVELI"
"Tamil Nadu","Tamil Nadu","TIRUPPUR","TIRUPPUR"
"Tamil Nadu","Tamil Nadu","TIRUVANNAMALAI","TIRUVANNAMALAI"
"Tamil Nadu","Tamil Nadu","TUTICORIN","TUTICORIN"
"Tamil Nadu","Tamil Nadu","VELLORE","VELLORE"
"Tamil Nadu","Tamil Nadu","VILLUPURAM","VILLUPURAM"
"Tamil Nadu","Tamil Nadu","RAJAPALAYAM","VIRUDHUNAGAR"
"Telangana","Andhra Pradesh","ADILABAD","ADILABAD"
"Telangana","Andhra Pradesh","KOTHAGUDEM","BHADRADRI"
"Telangana","Andhra Pradesh","HYDERABAD","HYDERABAD"
"Telangana","Andhra Pradesh","RAIKAL","JAGITIAL"
"Telangana","Andhra Pradesh","JANGAON","JANGOAN"
"Telangana","Andhra Pradesh","MANCHERIAL","JAYASHANKAR"
"Telangana","Andhra Pradesh","GADWAL","JOGULAMBA"
"Telangana","Andhra Pradesh","KODURU","KAMAREDDY"
"Telangana","Andhra Pradesh","KARIMNAGAR","KARIMNAGAR"
"Telangana","Andhra Pradesh","KHAMMAM","KHAMMAM"
"Telangana","Andhra Pradesh","ASIFABAD","KOMARAM BHEEM ASIFABAD"
"Telangana","Andhra Pradesh","DORNAKAL","MAHABUBABAD"
"Telangana","Andhra Pradesh","MAHBUBNAGAR","MAHBUBNAGAR"
"Telangana","Andhra Pradesh","MANCHERIAL","MANCHERIAL"
"Telangana","Andhra Pradesh","MEDAK","MEDAK"
"Telangana","Andhra Pradesh","MEDCHAL","MEDCHAL"
"Telangana","Andhra Pradesh","MULUG","MULUGU"
"Telangana","Andhra Pradesh","ACHAMPET","NAGARKURNOOL"
"Telangana","Andhra Pradesh","NALGONDA","NALGONDA"
"Telangana","Andhra Pradesh","DAMARGIDDA","NARAYANAPET"
"Telangana","Andhra Pradesh","NIRMAL","NIRMAL"
"Telangana","Andhra Pradesh","NIZAMABAD","NIZAMABAD"
"Telangana","Andhra Pradesh","PEDDAPALLI","PEDDAPALLI"
"Telangana","Andhra Pradesh","","RAJANNA"
"Telangana","Andhra Pradesh","CHEVELLA","RANGAREDDI"
"Telangana","Andhra Pradesh","SANGAREDDI","SANGAREDDY"
"Telangana","Andhra Pradesh","SIDDIPET","SIDDIPET"
"Telangana","Andhra Pradesh","SURYAPET","SURYAPET"
"Telangana","Andhra Pradesh","VIKARABAD","VIKARABAD"
"Telangana","Andhra Pradesh","WANAPARTHY","WANAPARTHY"
"Telangana","Andhra Pradesh","WARANGAL","WARANGAL"
"Telangana","Andhra Pradesh","HANAMKONDA","WARANGAL URBAN"
"Telangana","Andhra Pradesh","MOTHKUR","YADADRI"
"Tripura","Assam","DHALAI","DHALAI"
"Tripura","Tripura","UDAIPUR","GOMATI"
"Tripura","Tripura","KHOWAI","KHOWAI"
"Tripura","Tripura","DHARMANAGAR","NORTH TRIPURA"
"Tripura","Tripura","MELAGHAR","SEPAHIJALA"
"Tripura","Tripura","BELONIA","SOUTH TRIPURA"
"Tripura","Tripura","KAILASHAHAR","UNAKOTI"
"Tripura","Tripura","AGARTALA","WEST TRIPURA"
"Uttar Pradesh","Uttar Pradesh","AGRA","AGRA"
"Uttar Pradesh","Uttar Pradesh","ALIGARH","ALIGARH"
"Uttar Pradesh","Uttar Pradesh","ALLAHABAD","ALLAHABAD"
"Uttar Pradesh","Uttar Pradesh","AKBARPUR","AMBEDKAR NAGAR"
"Uttar Pradesh","Uttar Pradesh","AMETHI","AMETHI"
"Uttar Pradesh","Uttar Pradesh","AMROHA","AMROHA"
"Uttar Pradesh","Uttar Pradesh","AURAIYA","AURAIYA"
"Uttar Pradesh","Uttar Pradesh","AZAMGARH","AZAMGARH"
"Uttar Pradesh","Uttar Pradesh","BAGHPAT","BAGHPAT"
"Uttar Pradesh","Uttar Pradesh","BAHRAICH","BAHRAICH"
"Uttar Pradesh","Uttar Pradesh","BALLIA","BALLIA"
"Uttar Pradesh","Uttar Pradesh","BALRAMPUR","BALRAMPUR"
"Uttar Pradesh","Uttar Pradesh","BANDA","BANDA"
"Uttar Pradesh","Uttar Pradesh","BARA BANKI","BARABANKI"
"Uttar Pradesh","Uttar Pradesh","BAREILLY","BAREILLY"
"Uttar Pradesh","Uttar Pradesh","BASTI","BASTI"
"Uttar Pradesh","Uttar Pradesh","BIJNOR","BIJNOR"
"Uttar Pradesh","Uttar Pradesh","BUDAUN","BUDAUN"
"Uttar Pradesh","Uttar Pradesh","BULANDSHAHR","BULANDSHAHR"
"Uttar Pradesh","Uttar Pradesh","CHANDAULI","CHANDAULI"
"Uttar Pradesh","Uttar Pradesh","MANIKPUR","CHITRAKOOT"
"Uttar Pradesh","Uttar Pradesh","DEORIA","DEORIA"
"Uttar Pradesh","Uttar Pradesh","ETAH","ETAH"
"Uttar Pradesh","Uttar Pradesh","ETAWAH","ETAWAH"
"Uttar Pradesh","Uttar Pradesh","FAIZABAD","FAIZABAD"
"Uttar Pradesh","Uttar Pradesh","FARRUKHABAD","FARRUKHABAD"
"Uttar Pradesh","Uttar Pradesh","FATEHPUR","FATEHPUR"
"Uttar Pradesh","Uttar Pradesh","FIROZABAD","FIROZABAD"
"Uttar Pradesh","Uttar Pradesh","NOIDA","GAUTAM BUDDHA NAGAR"
"Uttar Pradesh","Uttar Pradesh","GHAZIABAD","GHAZIABAD"
"Uttar Pradesh","Uttar Pradesh","GHAZIPUR","GHAZIPUR"
"Uttar Pradesh","Uttar Pradesh","GONDA","GONDA"
"Uttar Pradesh","Uttar Pradesh","GORAKHPUR","GORAKHPUR"
"Uttar Pradesh","Uttar Pradesh","HAMIRPUR","HAMIRPUR"
"Uttar Pradesh","Uttar Pradesh","HAPUR","HAPUR"
"Uttar Pradesh","Uttar Pradesh","HARDOI","HARDOI"
"Uttar Pradesh","Uttar Pradesh","HATHRAS","HATHRAS"
"Uttar Pradesh","Uttar Pradesh","JALAUN","JALAUN"
"Uttar Pradesh","Uttar Pradesh","JAUNPUR","JAUNPUR"
"Uttar Pradesh","Uttar Pradesh","JHANSI","JHANSI"
"Uttar Pradesh","Uttar Pradesh","KANNAUJ","KANNAUJ"
"Uttar Pradesh","Uttar Pradesh","MANGALPUR","KANPUR DEHAT"
"Uttar Pradesh","Uttar Pradesh","KANPUR","KANPUR NAGAR"
"Uttar Pradesh","Uttar Pradesh","KASGANJ","KASGANJ"
"Uttar Pradesh","Uttar Pradesh","CHAIL","KAUSHAMBI"
"Uttar Pradesh","Uttar Pradesh","KHERI","KHERI"
"Uttar Pradesh","Uttar Pradesh","PADRAUNA","KUSHI NAGAR"
"Uttar Pradesh","Uttar Pradesh","LALITPUR","LALITPUR"
"Uttar Pradesh","Uttar Pradesh","LUCKNOW","LUCKNOW"
"Uttar Pradesh","Uttar Pradesh","MAHARAJGANJ","MAHARAJGANJ"
"Uttar Pradesh","Uttar Pradesh","MAHOBA","MAHOBA"
"Uttar Pradesh","Uttar Pradesh","MAINPURI","MAINPURI"
"Uttar Pradesh","Uttar Pradesh","MATHURA","MATHURA"
"Uttar Pradesh","Uttar Pradesh","MAU","MAU"
"Uttar Pradesh","Uttar Pradesh","MEERUT","MEERUT"
"Uttar Pradesh","Uttar Pradesh","MIRZAPUR","MIRZAPUR"
"Uttar Pradesh","Uttar Pradesh","MORADABAD","MORADABAD"
"Uttar Pradesh","Uttar Pradesh","MUZAFFARNAGAR","MUZAFFARNAGAR"
"Uttar Pradesh","Uttar Pradesh","PILIBHIT","PILIBHIT"
"Uttar Pradesh","Uttar Pradesh","PRATAPGARH","PRATAPGARH"
"Uttar Pradesh","Uttar Pradesh","RAE BARELI","RAE BARELI"
"Uttar Pradesh","Uttar Pradesh","RAMPUR","RAMPUR"
"Uttar Pradesh","Uttar Pradesh","SAHARANPUR","SAHARANPUR"
"Uttar Pradesh","Uttar Pradesh","SAMBHAL","SAMBHAL"
"Uttar Pradesh","Uttar Pradesh","KHALILABAD","SANT KABEER NAGAR"
"Uttar Pradesh","Uttar Pradesh","BHADOHI","SANT RAVIDAS NAGAR"
"Uttar Pradesh","Uttar Pradesh","SHAHJAHANPUR","SHAHJAHANPUR"
"Uttar Pradesh","Uttar Pradesh","SHAMLI","SHAMLI"
"Uttar Pradesh","Uttar Pradesh","BHINGA","SHRAVASTI"
"Uttar Pradesh","Uttar Pradesh","ITWA","SIDDHARTH NAGAR"
"Uttar Pradesh","Uttar Pradesh","SITAPUR","SITAPUR"
"Uttar Pradesh","Uttar Pradesh","RENUKOOT","SONBHADRA"
"Uttar Pradesh","Uttar Pradesh","SULTANPUR","SULTANPUR"
"Uttar Pradesh","Uttar Pradesh","UNNAO","UNNAO"
"Uttar Pradesh","Uttar Pradesh","VARANASI","VARANASI"
"Uttarakhand","Uttarakhand","ALMORA","ALMORA"
"Uttarakhand","Uttarakhand","BAGESHWAR","BAGESHWAR"
"Uttarakhand","Uttarakhand","CHAMOLI","CHAMOLI"
"Uttarakhand","Uttarakhand","CHAMPAWAT","CHAMPAWAT"
"Uttarakhand","Uttarakhand","DEHRADUN","DEHRADUN"
"Uttarakhand","Uttarakhand","HARIDWAR","HARIDWAR"
"Uttarakhand","Uttarakhand","NAINI TAL","NAINITAL"
"Uttarakhand","Uttarakhand","GARHWAL","PAURI GARHWAL"
"Uttarakhand","Uttarakhand","PITHORAGARH","PITHORAGARH"
"Uttarakhand","Uttarakhand","RUDRAPRAYAG","RUDRA PRAYAG"
"Uttarakhand","Uttarakhand","TEHRI GARHWAL","TEHRI GARHWAL"
"Uttarakhand","Uttarakhand","SITARGANJ","UDAM SINGH NAGAR"
"Uttarakhand","Uttarakhand","UTTARKASHI","UTTAR KASHI"
"West Bengal","West Bengal","BARASAT","24 PARAGANAS NORTH"
"West Bengal","West Bengal","RAJPUR","24 PARAGANAS SOUTH"
"West Bengal","West Bengal","ALIPUR DUAR","ALIPURDUAR"
"West Bengal","West Bengal","BANKURA","BANKURA"
"West Bengal","West Bengal","SANTINIKETAN","BIRBHUM"
"West Bengal","West Bengal","COOCH BEHAR","COOCHBEHAR"
"West Bengal","West Bengal","DARJEELING","DARJEELING"
"West Bengal","West Bengal","BALURGHAT","DINAJPUR DAKSHIN"
"West Bengal","West Bengal","RAIGANJ","DINAJPUR UTTAR"
"West Bengal","West Bengal","HOOGHLY","HOOGHLY"
"West Bengal","West Bengal","HOWRAH","HOWRAH"
"West Bengal","West Bengal","JALPAIGURI","JALPAIGURI"
"West Bengal","West Bengal","JHARGRAM","JHARGRAM"
"West Bengal","West Bengal","KUMAI","KALIMPONG"
"West Bengal","West Bengal","KOLKATA","KOLKATA"
"West Bengal","West Bengal","MALDAH","MALDAH"
"West Bengal","West Bengal","HALDIA","MEDINIPUR EAST"
"West Bengal","West Bengal","MEDINIPUR","MEDINIPUR WEST"
"West Bengal","West Bengal","MURSHIDABAD","MURSHIDABAD"
"West Bengal","West Bengal","NADIA","NADIA"
"West Bengal","West Bengal","DURGAPUR","PASCHIM BARDHAMAN"
"West Bengal","West Bengal","BARDHAMAN","PURBA BARDHAMAN"
"West Bengal","West Bengal","PURULIA","PURULIA"
